{
    "emotions": [
        "😀","😃","😄","😁","😆","😅","🤣","😂","🙂","🙃","🫠","😉","😊","😇","🥰","😍","🤩","😘","😗","☺️","😚","😙","🥲","😋","😛","😜","🤪","😝","🤑","🤗","🤭","🫢","🫣","🤫","🤔","🫡","🤐","🤨","😐","😑","😶","🫥","😶‍🌫️","😏","😒","🙄","😬","😮‍💨","🤥","🫨","😌","😔","😪","🤤","😴","😷","🤒","🤕","🤢","🤮","🤧","🥵","🥶","🥴","😵","😵‍💫","🤯","🤠","🥳","🥸","😎","🤓","🧐","😕","🫤","😟","🙁","☹️","😮","😯","😲","😳","🥺","🥹","😦","😧","😨","😰","😥","😢","😭","😱","😖","😣","😞","😓","😩","😫","🥱","😤","😡","😠","🤬","😈","👿","💀","☠️","💩","🤡","👹","👺","👻","👽","👾","🤖","😺","😸","😹","😻","😼","😽","🙀","😿","😾","🙈","🙉","🙊","💋","💯","💢","💥","💫","💦","💨","🕳️","💬","👁️‍🗨️","🗨️","🗯️","💭","💤"
    ],
    "body": [
        "👋","🤚","🖐️","✋","🖖","🫱","🫲","🫳","🫴","🫷","🫸","👌","🤌","🤏","✌️","🤞","🫰","🤟","🤘","🤙","👈","👉","👆","🖕","👇","☝️","🫵","👍","👎","✊","👊","🤛","🤜","👏","🙌","🫶","👐","🤲","🤝","🙏","✍️","💅","🤳","💪","🦾","🦿","🦵","🦶","👂","🦻","👃","🧠","🫀","🫁","🦷","🦴","👀","👁️","👅","👄","🫦","👶","🧒","👦","👧","🧑","👱","👨","🧔","🧔‍♂️","🧔‍♀️","👨‍🦰","👨‍🦱","👨‍🦳","👨‍🦲","👩","👩‍🦰","🧑‍🦰","👩‍🦱","🧑‍🦱","👩‍🦳","🧑‍🦳","👩‍🦲","🧑‍🦲","👱‍♀️","👱‍♂️","🧓","👴","👵","🙍","🙍‍♂️","🙍‍♀️","🙎","🙎‍♂️","🙎‍♀️","🙅","🙅‍♂️","🙅‍♀️","🙆","🙆‍♂️","🙆‍♀️","💁","💁‍♂️","💁‍♀️","🙋","🙋‍♂️","🙋‍♀️","🧏","🧏‍♂️","🧏‍♀️","🙇","🙇‍♂️","🙇‍♀️","🤦","🤦‍♂️","🤦‍♀️","🤷","🤷‍♂️","🤷‍♀️","🧑‍⚕️","👨‍⚕️","👩‍⚕️","🧑‍🎓","👨‍🎓","👩‍🎓","🧑‍🏫","👨‍🏫","👩‍🏫","🧑‍⚖️","👨‍⚖️","👩‍⚖️","🧑‍🌾","👨‍🌾","👩‍🌾","🧑‍🍳","👨‍🍳","👩‍🍳","🧑‍🔧","👨‍🔧","👩‍🔧","🧑‍🏭","👨‍🏭","👩‍🏭","🧑‍💼","👨‍💼","👩‍💼","🧑‍🔬","👨‍🔬","👩‍🔬","🧑‍💻","👨‍💻","👩‍💻","🧑‍🎤","👨‍🎤","👩‍🎤","🧑‍🎨","👨‍🎨","👩‍🎨","🧑‍✈️","👨‍✈️","👩‍✈️","🧑‍🚀","👨‍🚀","👩‍🚀","🧑‍🚒","👨‍🚒","👩‍🚒","👮","👮‍♂️","👮‍♀️","🕵️","🕵️‍♂️","🕵️‍♀️","💂","💂‍♂️","💂‍♀️","🥷","👷","👷‍♂️","👷‍♀️","🫅","🤴","👸","👳","👳‍♂️","👳‍♀️","👲","🧕","🤵","🤵‍♂️","🤵‍♀️","👰","👰‍♂️","👰‍♀️","🤰","🫃","🫄","🤱","👩‍🍼","👨‍🍼","🧑‍🍼","👼","🎅","🤶","🧑‍🎄","🦸"
    ],
    "animals": [
        "🐵","🐒","🦍","🦧","🐶","🐕","🦮","🐕‍🦺","🐩","🐺","🦊","🦝","🐱","🐈","🐈‍⬛","🦁","🐯","🐅","🐆","🐴","🫎","🫏","🐎","🦄","🦓","🦌","🦬","🐮","🐂","🐃","🐄","🐷","🐖","🐗","🐽","🐏","🐑","🐐","🐪","🐫","🦙","🦒","🐘","🦣","🦏","🦛","🐭","🐁","🐀","🐹","🐰","🐇","🐿️","🦫","🦔","🦇","🐻","🐻‍❄️","🐨","🐼","🦥","🦦","🦨","🦘","🦡","🐾","🦃","🐔","🐓","🐣","🐤","🐥","🐦","🐧","🕊️","🦅","🦆","🦢","🦉","🦤","🪶","🦩","🦚","🦜","🪽","🐦‍⬛","🪿","🐸","🐊","🐢","🦎","🐍","🐲","🐉","🦕","🦖","🐳","🐋","🐬","🦭","🐟","🐠","🐡","🦈","🐙","🐚","🪸","🪼","🐌","🦋","🐛","🐜","🐝","🪲","🐞","🦗","🪳","🕷️","🕸️","🦂","🦟","🪰","🪱","🦠","💐","🌸","💮","🪷","🏵️","🌹","🥀","🌺","🌻","🌼","🌷","🪻","🌱","🪴","🌲","🌳","🌴","🌵","🌾","🌿","☘️","🍀","🍁","🍂","🍃","🪹","🪺","👣"
    ],
    "food": [
        "        🍄🍇🍈🍉🍊🍋🍌🍍🥭🍎🍏🍐🍑🍒🍓🫐🥝🍅🫒🥥🥑🍆🥔🥕🌽🌶️🫑🥒🥬🥦🧄🧅🥜🫘🌰🫚🫛🍞🥐🥖🫓🥨🥯🥞🧇🧀🍖🍗🥩🥓🍔🍟🍕🌭🥪🌮🌯🫔🥙🧆🥚🍳🥘🍲🫕🥣🥗🍿🧈🧂🥫🍱🍘🍙🍚🍛🍜🍝🍠🍢🍣🍤🍥🥮🍡🥟🥠🥡🦀🦞🦐🦑🦪🍦🍧🍨🍩🍪🎂🍰🧁🥧🍫🍬🍭🍮🍯🍼🥛☕🫖🍵🍶🍾🍷🍸🍹🍺🍻🥂🥃🫗🥤🧋🧃🧉🧊🥢🍽️🍴🥄🔪🫙🏺👣"
    ],
    "trips": [
        "        🌍🌎🌏🌐🗺️🗾🧭🏔️⛰️🌋🗻🏕️🏖️🏜️🏝️🏞️🏟️🏛️🏗️🧱🪨🪵🛖🏘️🏚️🏠🏡🏢🏣🏤🏥🏦🏨🏩🏪🏫🏬🏭🏯🏰💒🗼🗽⛪🕌🛕🕍⛩️🕋⛲⛺🌁🌃🏙️🌄🌅🌆🌇🌉♨️🎠🛝🎡🎢💈🎪🚂🚃🚄🚅🚆🚇🚈🚉🚊🚝🚞🚋🚌🚍🚎🚐🚑🚒🚓🚔🚕🚖🚗🚘🚙🛻🚚🚛🚜🏎️🏍️🛵🦽🦼🛺🚲🛴🛹🛼🚏🛣️🛤️🛢️⛽🛞🚨🚥🚦🛑🚧⚓🛟⛵🛶🚤🛳️⛴️🛥️🚢✈️🛩️🛫🛬🪂💺🚁🚟🚠🚡🛰️🚀🛸🛎️🧳⌛⏳⌚⏰⏱️⏲️🕰️🕛🕧🕐🕜🕑🕝🕒🕞🕓🕟🕔🕠🕕🕡🕖🕢🕗🕣🕘🕤🕙🕥🕚🕦🌑🌒🌓🌔🌕🌖🌗🌘🌙🌚🌛🌜🌡️☀️🌝🌞🪐⭐🌟🌠🌌☁️⛅⛈️🌤️🌥️🌦️🌧️🌨️🌩️🌪️🌫️🌬️🌀🌈🌂☂️☔⛱️⚡❄️☃️⛄☄️🔥💧🌊👣"
    ],
    "do": [
        "        🎃🎄🎆🎇🧨✨🎈🎉🎊🎋🎍🎎🎏🎐🎑🧧🎀🎁🎗️🎟️🎫🎖️🏆🏅🥇🥈🥉⚽⚾🥎🏀🏐🏈🏉🎾🥏🎳🏏🏑🏒🥍🏓🏸🥊🥋🥅⛳⛸️🎣🤿🎽🎿🛷🥌🎯🪀🪁🔫🎱🔮🪄🎮🕹️🎰🎲🧩🧸🪅🪩🪆♠️♥️♦️♣️♟️🃏🀄🎴🎭🖼️🎨🧵🪡🧶🪢👣"
    ],
    "objects": [
        "            👓🕶️🥽🥼🦺👔👕👖🧣🧤🧥🧦👗👘🥻🩱🩲🩳👙👚🪭👛👜👝🛍️🎒🩴👞👟🥾🥿👠👡🩰👢🪮👑👒🎩🎓🧢🪖⛑️📿💄💍💎🔇🔈🔉🔊📢📣📯🔔🔕🎼🎵🎶🎙️🎚️🎛️🎤🎧📻🎷🪗🎸🎹🎺🎻🪕🥁🪘🪇🪈📱📲☎️📞📟📠🔋🪫🔌💻🖥️🖨️⌨️🖱️🖲️💽💾💿📀🧮🎥🎞️📽️🎬📺📷📸📹📼🔍🔎🕯️💡🔦🏮🪔📔📕📖📗📘📙📚📓📒📃📜📄📰🗞️📑🔖🏷️💰🪙💴💵💶💷💸💳🧾💹✉️📧📨📩📤📥📦📫📪📬📭📮🗳️✏️✒️🖋️🖊️🖌️🖍️📝💼📁📂🗂️📅📆🗒️🗓️📇📈📉📊📋📌📍📎🖇️📏📐✂️🗃️🗄️🗑️🔒🔓🔏🔐🔑🗝️🔨🪓⛏️⚒️🛠️🗡️⚔️💣🪃🏹🛡️🪚🔧🪛🔩⚙️🗜️⚖️🦯🔗⛓️🪝🧰🧲🪜⚗️🧪🧫🧬🔬🔭📡💉🩸💊🩹🩼🩺🩻🚪🛗🪞🪟🛏️🛋️🪑🚽🪠🚿🛁🪤🪒🧴🧷🧹🧺🧻🪣🧼🫧🪥🧽🧯🛒🚬⚰️🪦⚱️🧿🪬🗿🪧🪪"
    ],
    "symbols": [
        "            🏧🚮🚰♿🚹🚺🚻🚼🚾🛂🛃🛄🛅⚠️🚸⛔🚫🚳🚭🚯🚱🚷📵🔞☢️☣️⬆️↗️➡️↘️⬇️↙️⬅️↖️↕️↔️↩️↪️⤴️⤵️🔃🔄🔙🔚🔛🔜🔝🛐⚛️🕉️✡️☸️☯️✝️☦️☪️☮️🕎🔯🪯♈♉♊♋♌♍♎♏♐♑♒♓⛎🔀🔁🔂▶️⏩⏭️⏯️◀️⏪⏮️🔼⏫🔽⏬⏸️⏹️⏺️⏏️🎦🔅🔆📶🛜📳📴♀️♂️⚧️✖️➕➖➗🟰♾️‼️⁉️❓❔❕❗〰️💱💲⚕️♻️⚜️🔱📛🔰⭕✅☑️✔️❌❎➰➿〽️✳️✴️❇️©️®️™️#️⃣*️⃣0️⃣1️⃣2️⃣3️⃣4️⃣5️⃣6️⃣7️⃣8️⃣9️⃣🔟🔠🔡🔢🔣🔤🅰️🆎🅱️🆑🆒🆓ℹ️🆔Ⓜ️🆕🆖🅾️🆗🅿️🆘🆙🆚🈁🈂️🈷️🈶🈯🉐🈹🈚🈲🉑🈸🈴🈳㊗️㊙️🈺🈵🔴🟠🟡🟢🔵🟣🟤⚫⚪🟥🟧🟨🟩🟦🟪🟫⬛⬜◼️◻️◾◽▪️▫️🔶🔷🔸🔹🔺🔻💠🔘🔳🔲"
    ],
    "flags": [
        "            🏁🚩🎌🏴🏳️🏳️‍🌈🏳️‍⚧️🏴‍☠️🇦🇨🇦🇩🇦🇪🇦🇫🇦🇬🇦🇮🇦🇱🇦🇲🇦🇴🇦🇶🇦🇷🇦🇸🇦🇹🇦🇺🇦🇼🇦🇽🇦🇿🇧🇦🇧🇧🇧🇩🇧🇪🇧🇫🇧🇬🇧🇭🇧🇮🇧🇯🇧🇱🇧🇲🇧🇳🇧🇴🇧🇶🇧🇷🇧🇸🇧🇹🇧🇻🇧🇼🇧🇾🇧🇿🇨🇦🇨🇨🇨🇩🇨🇫🇨🇬🇨🇭🇨🇮🇨🇰🇨🇱🇨🇲🇨🇳🇨🇴🇨🇵🇨🇷🇨🇺🇨🇻🇨🇼🇨🇽🇨🇾🇨🇿🇩🇪🇩🇬🇩🇯🇩🇰🇩🇲🇩🇴🇩🇿🇪🇦🇪🇨🇪🇪🇪🇬🇪🇭🇪🇷🇪🇸🇪🇹🇪🇺🇫🇮🇫🇯🇫🇰🇫🇲🇫🇴🇫🇷🇬🇦🇬🇧🇬🇩🇬🇪🇬🇫🇬🇬🇬🇭🇬🇮🇬🇱🇬🇲🇬🇳🇬🇵🇬🇶🇬🇷🇬🇸🇬🇹🇬🇺🇬🇼🇬🇾🇭🇰🇭🇲🇭🇳🇭🇷🇭🇹🇭🇺🇮🇨🇮🇩🇮🇪🇮🇱🇮🇲🇮🇳🇮🇴🇮🇶🇮🇷🇮🇸🇮🇹🇯🇪🇯🇲🇯🇴🇯🇵🇰🇪🇰🇬🇰🇭🇰🇮🇰🇲🇰🇳🇰🇵🇰🇷🇰🇼🇰🇾🇰🇿🇱🇦🇱🇧🇱🇨🇱🇮🇱🇰🇱🇷🇱🇸🇱🇹🇱🇺🇱🇻🇱🇾🇲🇦🇲🇨🇲🇩🇲🇪🇲🇫🇲🇬🇲🇭🇲🇰🇲🇱🇲🇲🇲🇳🇲🇴🇲🇵🇲🇶🇲🇷🇲🇸🇲🇹🇲🇺🇲🇻🇲🇼🇲🇽🇲🇾🇲🇿🇳🇦🇳🇨🇳🇪🇳🇫🇳🇬🇳🇮🇳🇱🇳🇴🇳🇵🇳🇷🇳🇺🇳🇿🇴🇲🇵🇦🇵🇪🇵🇫🇵🇬🇵🇭🇵🇰🇵🇱🇵🇲🇵🇳🇵🇷🇵🇸🇵🇹🇵🇼🇵🇾🇶🇦🇷🇪🇷🇴🇷🇸🇷🇺🇷🇼🇸🇦🇸🇧🇸🇨🇸🇩🇸🇪🇸🇬🇸🇭🇸🇮🇸🇯🇸🇰🇸🇱🇸🇲🇸🇳🇸🇴🇸🇷🇸🇸🇸🇹🇸🇻🇸🇽🇸🇾🇸🇿🇹🇦🇹🇨🇹🇩🇹🇫🇹🇬🇹🇭🇹🇯🇹🇰🇹🇱🇹🇲🇹🇳🇹🇴🇹🇷🇹🇹🇹🇻🇹🇼🇹🇿🇺🇦🇺🇬🇺🇲🇺🇳🇺🇸🇺🇾🇺🇿🇻🇦🇻🇨🇻🇪🇻🇬🇻🇮🇻🇳🇻🇺🇼🇫🇼🇸🇽🇰🇾🇪🇾🇹🇿🇦🇿🇲🇿🇼🏴󠁧󠁢󠁥󠁮󠁧󠁿🏴󠁧󠁢󠁳󠁣󠁴󠁿🏴󠁧󠁢󠁷󠁬󠁳󠁿"
    ]
}